path,size_bytes,sha256
CITATION.md,474,e43383439b466ea9117cc8a66ca5404dd4d1ce848c5ff18f640a5cc1cf71535a
README.md,2793,f0cc28e359db7c5db921c0c49aeaff3f8acf5d94fb66b7d8e7863d8eb9723fd6
UPLOAD_TO_GITHUB.md,811,18636b9428be0ed5ed02cc7c9b0fb8a133af5e86249c1c975f616a87ca89cb80
code/eval_full_test_chunked.py,11004,6135b3cd64ce93486e98bdb8fea3464545e9ebb6d2b3b412528576ad1f756d56
code/eval_full_test_chunked_fast.py,10689,420b7d647504f6298635ec30d671845a058eedd9c90d98ea1206015037610bea
code/full_gallery_statistical_analysis.py,6429,9275e9fbce395383ea343066b413bbfec104a2fb1697bec6e3adabd7dc77df5b
code/prepare_us365k.py,3089,edff3f1baf61570007aae248ded2f9a2ed0ab15187c85d7688de0306da950da2
code/requirements.txt,152,4f84567a2aa3ea4f8e66a6cad6bb849665a933a2cd90ace7ae90ac55084f37cc
code/run_extended_evaluations.py,11884,6f39d083af236dde31002a0e66118f86212864e1fd338fe05287d99fe374a813
code/train_biomedclip_us365k.py,9618,2fe29c6f34bd695f839852cf50a1bda6f31b5a388ab8c1dcff546a3f2cd65109
paper/ACISM2026_US365K_BioMedCLIP_FINAL_15P.pdf,1684310,4fe4322bc529c947628d011b1deb54009f8ad873976e2aa338ae9a72a3e31a1c
paper/ACISM2026_US365K_BioMedCLIP_FINAL_15P.tex,46381,2dffc5effb669c260c00dfceea111dd2854a00d070c1870aa632f1e6aab86ded
paper/Figure1_projection_related_tuning.png,1190333,40b91078f833bef3ed3b78ad7bd00b8533949732251432e714df2a164af542fa
reproducibility/checkpoints/checkpoint_audit.csv,914,d5fe417b6fe4334b71be9a8ab4b3cdf1523013fddbb03dca60e227df862bc311
reproducibility/checkpoints/trainable_parameter_audit.txt,1302,376155045c10a42612865737d30009c65f472d7b1eadb284d1265b2164c5616d
reproducibility/controlled_subsets/README.md,391,9e696922fd540119a96f8779273a6e495c065af78b3061e4fc01b72b1cf595ec
reproducibility/controlled_subsets/SHA256_UNCOMPRESSED.txt,499,510a7123fec449aef171958302c16590d51adb44500a8d3ea346760f4eb54645
reproducibility/controlled_subsets/test_5000.jsonl.gz,380186,ef0a3d4e1af625063446b98a8522cb7c4a4e05b0abb3ef55c346ed3bd7473b69
reproducibility/controlled_subsets/train_1000.jsonl.gz,79234,106e3f3ac2ee36df36479000989640fc2e8c47964a724b3a3ea46e3a44e71c66
reproducibility/controlled_subsets/train_10000.jsonl.gz,791319,48eb5dec23d7f8ef62ca05c7c714c9a5c78a3e9e348c57c8ff3bf221d89c1af7
reproducibility/controlled_subsets/train_5000.jsonl.gz,395483,c0087d730765b51dec1b657bed4ee995d498c754420e5121ef3522b1ac695748
reproducibility/controlled_subsets/train_50000.jsonl.gz,3954973,7dc82076d11a8a9b38baa87b05b0c80bf9bf0d8cd52fe73d002d35ddb6df94d8
reproducibility/controlled_subsets/valid_5000.jsonl.gz,378897,67bc951f2ef45576c275f7c1b32b37418e10dc03d3783bd8a91c8fb879d05380
reproducibility/dataset_audit/image_count_extracted.txt,7,93cf5ec8a3c0f495b718a83bfb9dd44114af6ec5f88d0eaf33e0390d8e09f5b4
reproducibility/dataset_audit/image_count_in_zip.txt,7,93cf5ec8a3c0f495b718a83bfb9dd44114af6ec5f88d0eaf33e0390d8e09f5b4
reproducibility/dataset_audit/manifest_audit_summary.json,1266,72e8a425924a8ed6848873c54a9ef61b8502cb188d6fd30a20d48847d8b57953
reproducibility/dataset_audit/semantic_label_coverage.csv,1177,f9f32249d583c4fa0b0a68cb335dff3c24b18a905f8c5d10c215178c5d123d80
reproducibility/dataset_audit/split_line_counts.txt,230,42604280971b6ca344feb36bc9240bc285027b97b475aaf9595fdf559d1477fa
reproducibility/dataset_audit/test_manifest_issues.json,80,25e930a004138358ab9b185105a88a5da0a51b44d4d4812579a057a616a38008
reproducibility/dataset_audit/train_manifest_issues.json,80,25e930a004138358ab9b185105a88a5da0a51b44d4d4812579a057a616a38008
reproducibility/dataset_audit/valid_manifest_issues.json,80,25e930a004138358ab9b185105a88a5da0a51b44d4d4812579a057a616a38008
reproducibility/dataset_splits/README.md,288,90a648e9579b5f5fcfe8e195e752b7f433841132b8ebba6e70ec2bb81a9f1dc0
reproducibility/dataset_splits/SHA256_UNCOMPRESSED.txt,493,eeba4ab78c0eb883ffb288ee448fb775a122ac888cba2923487c82cf206f785f
reproducibility/dataset_splits/test.jsonl.gz,3665490,f789bfbae562ac0435129aa2f29b401f0dcbb894db2c6cc01aab164c216005fd
reproducibility/dataset_splits/test_manifest.jsonl.gz,7921541,c6d90884d3515b4fa7075b4cffc3c3d76e35244b4c50ee6f8d4eb8d68193ccc6
reproducibility/dataset_splits/train.jsonl.gz,12223911,448563a68db03ab132c5ae2e993e88156394b4a0aeecf533b07b3fa767c37a87
reproducibility/dataset_splits/train_manifest.jsonl.gz,24721954,af7d963d4d5ba09e6a988b7d515291178d1cfb3ed525c3c4e087e45e01becb92
reproducibility/dataset_splits/valid.jsonl.gz,3755920,9e10f0a63884d283ec08a0207f7dbc760a918e4980fd5453d9822fe3fc56883d
reproducibility/dataset_splits/valid_manifest.jsonl.gz,8085643,e054c7727147b4f4c7b08435362f36ecc1982c50a9e55bdb4f1d0901e28d70c0
reproducibility/environment_records/README.md,307,27e4cfdadc3179b98d26706f9c2cbb325312beaaf512db0169aad1de4fab8449
reproducibility/environment_records/audit_runtime_gpu.txt,1689,0c3ba2aea52ac9d4d4877886ede441579b00681880f80d611c1f34b4b8eb73f0
reproducibility/environment_records/audit_runtime_pip_freeze.txt,2747,715f17a4a761bc5106e7e620f9385957f8472cc61c788d13073510d9cee73681
reproducibility/environment_records/audit_runtime_python.txt,14,5b3e43dc38ca01e3f5a7854ba50d4330864b0c1e0f646650b2c78cf072acc366
reproducibility/environment_records/pip_freeze_20260805.txt,3041,c92b45183e39a6963276d3806d67d4f1a583d2b7f0bd63ae345c0d83841d9413
reproducibility/environment_records/system_info_20260805.txt,202,3ef0ab076a04b88c1ae00a85fb5a817937598df5101d5e42b4305716ef62f4c2
results/controlled/baseline_metrics.json,211,7ec10bd07da85a8cb2d9606b86b958347e08007bcb27560850f2fb242bf4eeac
results/controlled/ft50k_controlled_test_final_state.json,211,f30428df8cbf2c9bdad12849ea74b1957cbce0e2c36123de007823e288f6b3a8
results/controlled/ft50k_training.log,1045689,d90ef2fbedab3e4f309580a645ea623225875bb1c40fd7b397f0dae3453a4a0f
results/controlled/ft50k_validation_epoch1.json,209,39bccbc80beac9ba5d6f3b325aea03607ccf1b47cc2e1e687b9f33f1dbb986ca
results/controlled/ft50k_validation_epoch2.json,210,20a72c2c6b0e51adf25c48721560ab17656e352d3db7a724406192e018cf209f
results/controlled/ft50k_validation_epoch3.json,212,c31be7a4d35c69a0146e0f5f393624afea32ab1e8cf5ed4ba4743af122abe92c
results/controlled/retrieval_summary.csv,789,16b26f09fd3d78f7bed1adcb15429e07f60f8ae17f3ad749397942e0a5b4cf1f
results/downstream/baseline_body_system_linear_probe_metrics.json,155,4c7b47df969760cf7fbf1b87b9142527e29305536c96ac24b99106c55c57f856
results/downstream/baseline_body_system_zero_shot_metrics.json,156,3a5a1f5d0fb9ada8e4a87eafedb30ba086c437ca707462a90d38f70b697fef47
results/downstream/baseline_organ_linear_probe_metrics.json,157,54776fbaafaa7b8764af67ebb36cb8f7e96a15d37664613fee53df40952aff08
results/downstream/baseline_organ_zero_shot_metrics.json,157,aed673390ccc33109562483e144869de8b5ea8b27f2962b0ef0be15cbdf7beff
results/downstream/extended_evaluation_summary.csv,822,95d65a3dc42848d7d29cad0bed950cc73729689dfca5296635924a94787088f5
results/downstream/extended_evaluation_summary.json,1987,4cc0b212c3af6f112f058e7db1b7e7b3b33795fc0017a111b6c27cf8ed7dc5ca
results/downstream/ft50k_body_system_linear_probe_metrics.json,155,decbac13935bfa3fb8e256f58fcc213fdba3ebf62111513fe9be74d4563282d0
results/downstream/ft50k_body_system_zero_shot_metrics.json,156,ff767de4f87149b38275d4f6c0426d305020325e835998571f7e054d8cc64701
results/downstream/ft50k_organ_linear_probe_metrics.json,155,cfaeee1f33a37d9551ad72484204ff8ac71d2da907bba1618a1999bbfe0d318f
results/downstream/ft50k_organ_zero_shot_metrics.json,158,d3dc197e4911413a44ad7c1e269b5b49b782f5a3c9cc10423e193f60bfa3534e
results/full_gallery/baseline/bad_images.json,287,61287ec58dcdd93e2cb7e46068e7d4c94ac5ce5bccb73c6deccee9b1d7152217
results/full_gallery/baseline/full_test_metrics.json,334,cb4361b54138c37bd2d865d2b89bf21fe67d84536110391f93b995bc1e8dbe7e
results/full_gallery/baseline/qualitative_retrieval_examples.csv,4675,20cc2f65270e00f7ebf5cf99748b7f62c8614365ca441f01c55bc3242c74737f
results/full_gallery/baseline/retrieval_top10_and_ranks.pt,18414253,26ae4cf2514072b98b357a8513777de657fab40565afae401552c97222139438
results/full_gallery/baseline/run_info.json,300,5812b79b0d4029b5372aa657bcfd7d465b2ce0d34242ba98580af27984300b3d
results/full_gallery/ft50k/bad_images.json,287,61287ec58dcdd93e2cb7e46068e7d4c94ac5ce5bccb73c6deccee9b1d7152217
results/full_gallery/ft50k/full_test_metrics.json,328,7340d5fc619fa636c04a68aedd7993c8824970f74020cd4983c8580a7992bbd6
results/full_gallery/ft50k/qualitative_retrieval_examples.csv,4866,e6a8946a62cb013b9d2485db027f5931dd3fca461af536fa7f5ced7939453aba
results/full_gallery/ft50k/retrieval_top10_and_ranks.pt,18414253,78dfe6c997dab47edce5bd68fa045318cf98158d355b250cc77996950187759a
results/full_gallery/ft50k/run_info.json,373,dd73aa604d8bf64e6bada636cf64078e96c3370109716551eedb99dd6f8021b2
results/full_gallery/full_test_summary.csv,542,71ed6ae940ba33da46ad9ea88f85b21c60226eaf14b5dd03ea46bcc883b8fe83
results/statistics/controlled5k_R10_wilson.csv,353,768866bbe41735c50abf82eae65bd05493ac378d7c5bbbef99bd6ebc52615764
results/statistics/full_gallery_rank_bootstrap.csv,350,23a82937c98ef99bedfe30976b3f27b1a6759283e69523723a54aa1439fe7290
results/statistics/full_gallery_recall_uncertainty.csv,1363,6dd9f3756e5f86d767973d49f11b4dc0b6d57c28817fdaeda376bdb94a9c9f6c
results/statistics/statistical_audit_README.txt,709,f55047532db451af149047b7258c76659c854a3c3565df7f2848585fe60321ae
results/worked_example/query150.csv,690,b1dec40c654fc55d545f7f34207f0d9d8597ba0480d7a87da3754608fca06ad1
reviewer_evidence/CHECKPOINT_PROVENANCE.md,879,ac4a68d253cda8c5d81343b8f749df2e67cb947de410f1261ca45e2e1295c046
reviewer_evidence/DATASET_SPLIT_EVIDENCE.md,594,42dbbff93510856d502d731919fe3f3fd8ce7cbf4ebacf1dbd9f5f81e8894b5c
reviewer_evidence/EVIDENCE_INDEX.md,1213,26b8439b2d0403808d0893b0461317cb6836277f76d905788a36a6d7f40599e3
reviewer_evidence/LARGE_ARTIFACTS.csv,1306,df2cac085063e1f5a15ba94015f3903c7037dfb926339856e4852390a3f25645
reviewer_evidence/REPRODUCIBILITY_LIMITS.md,837,592a8c9d62b69bb31c07685f1e0575536af2f11f2e0ab2484de232f2d6b3ad02
